views,id,slug,title,url,set,heading,status
108,202352,tamarack-lodge-your-bear-valley-basecamp,Tamarack Lodge: Your Bear Valley Basecamp,https://riseapartments.com/tamarack-lodge-your-bear-valley-basecamp/,travel,Helpful Finds for a Mountain Getaway,updated
97,181493,apartments-that-accept-evictions-in-spring-tx,"Second Chance Apartments That Accept Evictions in Spring, TX",https://riseapartments.com/apartments-that-accept-evictions-in-spring-tx/,approval,Helpful Finds for a Stronger Rental Application,updated
85,153357,houston-apartments-with-walk-in-showers,Top 12 Houston Apartments with Walk-In Showers,https://riseapartments.com/houston-apartments-with-walk-in-showers/,shower,Helpful Finds for a Walk-In Shower,updated
70,147198,airbnb-friendly-apartments-houston,Top 15 Airbnb-Friendly Apartments in Houston,https://riseapartments.com/airbnb-friendly-apartments-houston/,airbnb,Helpful Finds for Airbnb Hosting,updated
65,202304,best-belton-boat-rental-spots,Best Belton Boat Rental Spots,https://riseapartments.com/best-belton-boat-rental-spots/,boat,Helpful Finds for a Day on Lake Belton,updated
61,170559,katy-apartments-that-accept-evictions,Top 15 Katy Apartments That Accept Evictions,https://riseapartments.com/katy-apartments-that-accept-evictions/,approval,Helpful Finds for a Stronger Rental Application,updated
61,150212,austin-apartments-that-accept-evictions,Top 12 Austin Apartments That Accept Evictions,https://riseapartments.com/austin-apartments-that-accept-evictions/,approval,Helpful Finds for a Stronger Rental Application,updated
57,156166,houston-apartments-that-accept-broken-leases,Top 16 Houston Apartments That Accept Broken Leases,https://riseapartments.com/houston-apartments-that-accept-broken-leases/,approval,Helpful Finds for a Stronger Rental Application,updated
52,153711,houston-apartments-with-walk-in-closets,Top 16 Houston Apartments with Walk-In Closets,https://riseapartments.com/houston-apartments-with-walk-in-closets/,closet,Helpful Finds for a Walk-In Closet,updated
48,203874,airbnb-friendly-apartments-in-atlanta-metro,Airbnb-friendly apartments in Atlanta Metro,https://riseapartments.com/airbnb-friendly-apartments-in-atlanta-metro/,airbnb,Helpful Finds for Airbnb Hosting,updated
47,140480,no-credit-check-apartments-in-dallas,Top 11 No Credit Check Apartments in Dallas,https://riseapartments.com/no-credit-check-apartments-in-dallas/,approval,Helpful Finds for a Stronger Rental Application,updated
47,137957,houston-apartments-that-accept-section-8,Top 14 Houston Apartments That Accept Section 8,https://riseapartments.com/houston-apartments-that-accept-section-8/,approval,Helpful Finds for a Stronger Rental Application,updated
43,182988,conroe-apartments-that-accept-evictions,Second Chance Conroe Apartments That Accept Evictions,https://riseapartments.com/conroe-apartments-that-accept-evictions/,approval,Helpful Finds for a Stronger Rental Application,updated
38,57372,top-houston-apartments-with-attached-garage,Top Houston Apartments with Attached Garage,https://riseapartments.com/top-houston-apartments-with-attached-garage/,garage,Helpful Finds for an Attached Garage,updated
35,150009,dallas-apartments-that-accept-section-8,Top 15 Dallas Apartments That Accept Section 8,https://riseapartments.com/dallas-apartments-that-accept-section-8/,approval,Helpful Finds for a Stronger Rental Application,updated
34,149354,austin-apartments-with-golf-simulator,Top 12 Austin Apartments with Golf Simulator,https://riseapartments.com/austin-apartments-with-golf-simulator/,golf,Helpful Finds for Golfers,updated
33,201910,apartments-that-accept-evictions-in-humble-tx,"Second Chance Apartments That Accept Evictions in Humble, TX",https://riseapartments.com/apartments-that-accept-evictions-in-humble-tx/,approval,Helpful Finds for a Stronger Rental Application,updated
32,150680,houston-apartments-with-8-weeks-free,Top 14 Houston Apartments with 8 Weeks Free,https://riseapartments.com/houston-apartments-with-8-weeks-free/,essentials,Helpful Finds for Your New Apartment,updated
31,149045,austin-apartments-with-attached-garages,Top 14 Austin Apartments with Attached Garages,https://riseapartments.com/austin-apartments-with-attached-garages/,garage,Helpful Finds for an Attached Garage,updated
29,150467,dallas-apartments-with-8-weeks-free,Top 13 Dallas Apartments with 8 Weeks Free,https://riseapartments.com/dallas-apartments-with-8-weeks-free/,essentials,Helpful Finds for Your New Apartment,updated
29,150114,houston-apartments-with-stainless-steel-appliances,Top 16 Houston Apartments with Stainless Steel Appliances,https://riseapartments.com/houston-apartments-with-stainless-steel-appliances/,appliances,Helpful Finds for Appliance Care,updated
26,186046,richmond-apartment-that-accepts-evictions,Richmond Apartment That Accepts Evictions,https://riseapartments.com/richmond-apartment-that-accepts-evictions/,approval,Helpful Finds for a Stronger Rental Application,updated
26,137722,houston-apartments-that-accept-evictions,Top 16 Houston Apartments That Accept Evictions,https://riseapartments.com/houston-apartments-that-accept-evictions/,approval,Helpful Finds for a Stronger Rental Application,updated
24,164425,houston-apartments-with-pickleball-courts,Top 10 Houston Apartments with Pickleball Courts,https://riseapartments.com/houston-apartments-with-pickleball-courts/,pickleball,Helpful Finds for Pickleball Players,updated
22,149287,airbnb-friendly-apartments-in-dallas,Airbnb Friendly Apartments in Dallas,https://riseapartments.com/airbnb-friendly-apartments-in-dallas/,airbnb,Helpful Finds for Airbnb Hosting,updated
18,205152,denver-apartments-that-accept-evictions,Denver Apartments That Accept Evictions,https://riseapartments.com/denver-apartments-that-accept-evictions/,approval,Helpful Finds for a Stronger Rental Application,updated
18,137806,no-credit-check-apartments-in-houston-tx,"No Credit Check Apartments in Houston, TX",https://riseapartments.com/no-credit-check-apartments-in-houston-tx/,approval,Helpful Finds for a Stronger Rental Application,updated
18,129277,build-to-rent-communities-houston,Discover the Latest Build-to-Rent Communities in Houston,https://riseapartments.com/build-to-rent-communities-houston/,outdoor,Helpful Finds for a Private Yard or Patio,updated
17,201906,apartments-that-accept-evictions-in-georgetown-tx,"Second Chance Apartments That Accept Evictions in Georgetown, TX",https://riseapartments.com/apartments-that-accept-evictions-in-georgetown-tx/,approval,Helpful Finds for a Stronger Rental Application,updated
17,150285,houston-apartments-with-skyline-view,Top 12 Houston Apartments with Skyline View,https://riseapartments.com/houston-apartments-with-skyline-view/,highrise,Helpful Finds for High-Rise Living,updated
17,143917,dallas-apartments-with-private-yards,Top 15 Dallas Apartments with Private Yards,https://riseapartments.com/dallas-apartments-with-private-yards/,outdoor,Helpful Finds for a Private Yard or Patio,updated
17,55973,top-8-highest-high-rise-apartments-in-houston,Top 8 Highest High Rise Apartments in Houston,https://riseapartments.com/top-8-highest-high-rise-apartments-in-houston/,highrise,Helpful Finds for High-Rise Living,updated
16,205256,las-vegas-apartments-that-accept-evictions,Las Vegas Apartments That Accept Evictions,https://riseapartments.com/las-vegas-apartments-that-accept-evictions/,approval,Helpful Finds for a Stronger Rental Application,updated
16,149453,airbnb-friendly-apartments-in-austin,The Best Airbnb-Friendly Apartments in Austin,https://riseapartments.com/airbnb-friendly-apartments-in-austin/,airbnb,Helpful Finds for Airbnb Hosting,updated
16,148941,austin-apartments-with-indoor-basketball-court,Top 10 Austin Apartments with Indoor Basketball Court,https://riseapartments.com/austin-apartments-with-indoor-basketball-court/,basketball,Helpful Finds for Basketball Fans,updated
16,141484,katy-apartments-with-attached-garage,Top 10 Katy Apartments with Attached Garage,https://riseapartments.com/katy-apartments-with-attached-garage/,garage,Helpful Finds for an Attached Garage,updated
16,137966,houston-apartments-that-accept-felons,Top 16 Houston Apartments That Accept Felons,https://riseapartments.com/houston-apartments-that-accept-felons/,approval,Helpful Finds for a Stronger Rental Application,updated
15,177457,conroe-apartments-that-accept-felons,Top 11 Conroe Apartments That Accept Felons,https://riseapartments.com/conroe-apartments-that-accept-felons/,approval,Helpful Finds for a Stronger Rental Application,updated
15,144805,katy-apartments-with-private-yards,Top 18 Katy Apartments with Private Yards,https://riseapartments.com/katy-apartments-with-private-yards/,outdoor,Helpful Finds for a Private Yard or Patio,updated
15,140314,dallas-apartments-with-walk-in-showers,Dallas Apartments with Walk-In Showers,https://riseapartments.com/dallas-apartments-with-walk-in-showers/,shower,Helpful Finds for a Walk-In Shower,updated
14,203744,airbnb-friendly-apartments-in-orlando-metro,Airbnb-Friendly Apartments in Orlando Metro,https://riseapartments.com/airbnb-friendly-apartments-in-orlando-metro/,airbnb,Helpful Finds for Airbnb Hosting,updated
14,151287,no-credit-check-apartments-in-austin,Top 12 No Credit Check Apartments in Austin,https://riseapartments.com/no-credit-check-apartments-in-austin/,approval,Helpful Finds for a Stronger Rental Application,updated
14,142236,katy-apartments-with-walk-in-showers,Katy Apartments with Walk-In Showers,https://riseapartments.com/katy-apartments-with-walk-in-showers/,shower,Helpful Finds for a Walk-In Shower,updated
12,208453,simple-ways-to-keep-small-apartment-pets-happy,6 Simple Ways To Keep Small Apartment Pets Happy,https://riseapartments.com/simple-ways-to-keep-small-apartment-pets-happy/,pets,Helpful Finds for Apartment Pets,updated
11,205067,atlanta-apartments-that-accept-felons,Atlanta Apartments That Accept Felons,https://riseapartments.com/atlanta-apartments-that-accept-felons/,approval,Helpful Finds for a Stronger Rental Application,updated
11,204515,miami-apartments-that-accept-evictions,Miami Apartments That Accept Evictions,https://riseapartments.com/miami-apartments-that-accept-evictions/,approval,Helpful Finds for a Stronger Rental Application,updated
11,148442,austin-apartments-with-yards,Top 12 Austin Apartments with Yards,https://riseapartments.com/austin-apartments-with-yards/,outdoor,Helpful Finds for a Private Yard or Patio,updated
11,143939,dallas-apartments-with-floor-to-ceiling-windows,Top 15 Dallas Apartments with Floor-to-Ceiling Windows,https://riseapartments.com/dallas-apartments-with-floor-to-ceiling-windows/,highrise,Helpful Finds for High-Rise Living,updated
11,63014,top-25-best-apartments-in-the-heights-houston-tx,"Top 25 Best Apartments in The Heights, Houston, TX",https://riseapartments.com/top-25-best-apartments-in-the-heights-houston-tx/,essentials,Helpful Finds for Your New Apartment,updated
10,208643,relocation-readiness-know-before-you-pack-up,Relocation Readiness: What to Know Before You Pack Up,https://riseapartments.com/relocation-readiness-know-before-you-pack-up/,moving,Helpful Finds for Moving Day,updated
10,208637,what-happens-when-your-landlord-faces-foreclosure,What Happens When Your Landlord Faces Foreclosure?,https://riseapartments.com/what-happens-when-your-landlord-faces-foreclosure/,moving,Helpful Finds for Moving Day,updated
10,205607,arlington-apartments-that-accept-felons,Arlington Apartments That Accept Felons,https://riseapartments.com/arlington-apartments-that-accept-felons/,approval,Helpful Finds for a Stronger Rental Application,updated
10,205078,phoenix-apartments-that-accept-evictions,Phoenix Apartments That Accept Evictions,https://riseapartments.com/phoenix-apartments-that-accept-evictions/,approval,Helpful Finds for a Stronger Rental Application,updated
10,202133,sugar-land-apartments-that-accept-broken-leases,Sugar Land Apartments That Accept Broken Leases,https://riseapartments.com/sugar-land-apartments-that-accept-broken-leases/,approval,Helpful Finds for a Stronger Rental Application,updated
10,150079,dallas-apartments-with-fireplace,Top 14 Dallas Apartments with Fireplace: Cozy Comfort in the City,https://riseapartments.com/dallas-apartments-with-fireplace/,fireplace,Helpful Finds for a Cozy Fireplace Nook,updated
9,206240,minneapolis-apartments-that-accept-evictions,Minneapolis Apartments That Accept Evictions,https://riseapartments.com/minneapolis-apartments-that-accept-evictions/,approval,Helpful Finds for a Stronger Rental Application,updated
9,199149,san-antonio-apartments-with-walk-in-showers,San Antonio Apartments with Walk-In Showers,https://riseapartments.com/san-antonio-apartments-with-walk-in-showers/,shower,Helpful Finds for a Walk-In Shower,updated
9,185520,tomball-apartment-that-accepts-evictions,Tomball Apartment That Accepts Evictions,https://riseapartments.com/tomball-apartment-that-accepts-evictions/,approval,Helpful Finds for a Stronger Rental Application,updated
8,208823,appliance-maintenance-tips-for-apartments,Appliance Maintenance Tips for Apartments,https://riseapartments.com/appliance-maintenance-tips-for-apartments/,appliances,Helpful Finds for Appliance Care,updated
8,208773,humid-climates-affect-apartment-comfort,How Humid Climates Affect Apartment Comfort,https://riseapartments.com/humid-climates-affect-apartment-comfort/,humidity,Helpful Finds for Humid Climates,updated
8,208558,buy-your-first-rental-property-in-houston,From Renter to Landlord: How to Buy Your First Rental Property in Houston,https://riseapartments.com/buy-your-first-rental-property-in-houston/,landlord,Helpful Finds for Landlords and Investors,updated
8,206569,how-to-choose-flooring-for-your-new-apartment,How to Choose Flooring for Your New Apartment,https://riseapartments.com/how-to-choose-flooring-for-your-new-apartment/,flooring,Helpful Finds for Apartment Floors,updated
8,205567,nashville-apartments-that-accept-felons,Nashville Apartments That Accept Felons,https://riseapartments.com/nashville-apartments-that-accept-felons/,approval,Helpful Finds for a Stronger Rental Application,updated
8,203139,airbnb-friendly-apartments-in-los-angeles,Airbnb-Friendly Apartments in Los Angeles,https://riseapartments.com/airbnb-friendly-apartments-in-los-angeles/,airbnb,Helpful Finds for Airbnb Hosting,updated
8,151591,san-antonio-apartments-with-attached-garage,Top 10 San Antonio Apartments with Attached Garage,https://riseapartments.com/san-antonio-apartments-with-attached-garage/,garage,Helpful Finds for an Attached Garage,updated
8,145046,katy-apartments-with-basketball-court,Top 10 Katy Apartments with Basketball Court,https://riseapartments.com/katy-apartments-with-basketball-court/,basketball,Helpful Finds for Basketball Fans,updated
8,140100,dallas-apartments-with-golf-simulator,Dallas Apartments with Golf Simulator: Perfect Your Swing,https://riseapartments.com/dallas-apartments-with-golf-simulator/,golf,Helpful Finds for Golfers,updated
7,208799,apartment-landscaping-and-outdoor-spaces,Apartment Landscaping and Outdoor Spaces,https://riseapartments.com/apartment-landscaping-and-outdoor-spaces/,outdoor,Helpful Finds for a Private Yard or Patio,updated
7,206269,st-paul-apartments-that-accept-evictions,St. Paul Apartments That Accept Evictions,https://riseapartments.com/st-paul-apartments-that-accept-evictions/,approval,Helpful Finds for a Stronger Rental Application,updated
7,205260,las-vegas-apartments-that-accept-felons,Las Vegas Apartments That Accept Felons,https://riseapartments.com/las-vegas-apartments-that-accept-felons/,approval,Helpful Finds for a Stronger Rental Application,updated
7,204967,chicago-apartments-that-accept-evictions,Chicago Apartments That Accept Evictions,https://riseapartments.com/chicago-apartments-that-accept-evictions/,approval,Helpful Finds for a Stronger Rental Application,updated
7,144541,dallas-apartments-with-kitchen-island,Top 24 Dallas Apartments with Kitchen Island,https://riseapartments.com/dallas-apartments-with-kitchen-island/,kitchen,Helpful Finds for a Chef's Kitchen,updated
7,142942,dallas-apartments-with-dog-park,Top 10 Dallas Apartments with Dog Park for Pet-Friendly City Living,https://riseapartments.com/dallas-apartments-with-dog-park/,pets,Helpful Finds for Apartment Pets,updated
7,63486,top-12-midtown-luxury-apartments-houston,Top 12 Midtown Luxury Apartments in Houston,https://riseapartments.com/top-12-midtown-luxury-apartments-houston/,highrise,Helpful Finds for High-Rise Living,updated
7,42175,empower-your-savings-how-to-lower-your-electric-bill,Empower Your Savings: How to Lower Your Electric Bill,https://riseapartments.com/empower-your-savings-how-to-lower-your-electric-bill/,energy,Helpful Finds to Lower Your Electric Bill,updated
6,208340,what-sets-luxury-apartments-apart,What Sets Luxury Apartments Apart?,https://riseapartments.com/what-sets-luxury-apartments-apart/,decor,Helpful Finds to Finish the Look,updated
6,207903,kitchen-organization-tips-for-small-apartment-spaces,Kitchen Organization Tips for Small Apartment Spaces,https://riseapartments.com/kitchen-organization-tips-for-small-apartment-spaces/,kitchen,Helpful Finds for a Chef's Kitchen,updated
6,205519,tampa-apartments-that-accept-felons,Tampa Apartments That Accept Felons,https://riseapartments.com/tampa-apartments-that-accept-felons/,approval,Helpful Finds for a Stronger Rental Application,updated
6,205422,bad-credit-apartments-in-chicago,Bad Credit Apartments in Chicago,https://riseapartments.com/bad-credit-apartments-in-chicago/,approval,Helpful Finds for a Stronger Rental Application,updated
6,205244,san-diego-apartments-that-accept-evictions,San Diego Apartments That Accept Evictions,https://riseapartments.com/san-diego-apartments-that-accept-evictions/,approval,Helpful Finds for a Stronger Rental Application,updated
6,203111,airbnb-friendly-apartments-in-phoenix,Airbnb-Friendly Apartments in Phoenix,https://riseapartments.com/airbnb-friendly-apartments-in-phoenix/,airbnb,Helpful Finds for Airbnb Hosting,updated
6,201966,apartments-that-accept-broken-leases-in-stafford-tx,Apartments That Accept Broken Leases in Stafford TX,https://riseapartments.com/apartments-that-accept-broken-leases-in-stafford-tx/,approval,Helpful Finds for a Stronger Rental Application,updated
6,138026,allora-klein-crossing-reviews,Allora Klein Crossing Reviews: A 4.5-Star Living Experience,https://riseapartments.com/allora-klein-crossing-reviews/,essentials,Helpful Finds for Your New Apartment,updated
6,138684,no-credit-check-apartments-in-baytown-tx,"No Credit Check Apartments in Baytown, TX",https://riseapartments.com/no-credit-check-apartments-in-baytown-tx/,approval,Helpful Finds for a Stronger Rental Application,updated
6,117902,knox-at-westchase-a-premium-living-experience-in-west-houston,Knox at Westchase: A Premium Living Experience in West Houston,https://riseapartments.com/knox-at-westchase-a-premium-living-experience-in-west-houston/,essentials,Helpful Finds for Your New Apartment,updated
6,81779,top-10-apartments-with-basketball-courts-in-houston-tx,"Top 10 Apartments with Basketball Courts in Houston, TX",https://riseapartments.com/top-10-apartments-with-basketball-courts-in-houston-tx/,basketball,Helpful Finds for Basketball Fans,updated
6,75968,top-10-apartments-in-spring-branch-houston-tx,"Top 10 Apartments in Spring Branch Houston, TX",https://riseapartments.com/top-10-apartments-in-spring-branch-houston-tx/,essentials,Helpful Finds for Your New Apartment,updated
6,74860,top-mid-rise-apartments-in-houston-tx,Top Mid Rise Apartments in Houston TX,https://riseapartments.com/top-mid-rise-apartments-in-houston-tx/,highrise,Helpful Finds for High-Rise Living,updated
6,63606,top-10-theater-district-houston-apartments-for-rent,Top 10 Theater District Houston Apartments For Rent,https://riseapartments.com/top-10-theater-district-houston-apartments-for-rent/,essentials,Helpful Finds for Your New Apartment,updated
5,208364,round-rock-apartment-moving-checklist,Round Rock Apartment Moving Checklist for Renters,https://riseapartments.com/round-rock-apartment-moving-checklist/,moving,Helpful Finds for Moving Day,updated
5,208345,budget-friendly-floral-ideas-apartments,6 Budget-Friendly Floral Ideas for Rental Apartments,https://riseapartments.com/budget-friendly-floral-ideas-apartments/,floral,Helpful Finds for Fresh and Faux Florals,updated
5,206695,breaking-a-lease-after-domestic-violence-in-florida,Breaking A Lease After Domestic Violence in Florida,https://riseapartments.com/breaking-a-lease-after-domestic-violence-in-florida/,security,Helpful Finds for Feeling Safe at Home,updated
5,205527,tampa-apartments-that-accept-evictions,Tampa Apartments That Accept Evictions,https://riseapartments.com/tampa-apartments-that-accept-evictions/,approval,Helpful Finds for a Stronger Rental Application,updated
5,205140,seattle-apartments-that-accept-evictions,Seattle Apartments That Accept Evictions,https://riseapartments.com/seattle-apartments-that-accept-evictions/,approval,Helpful Finds for a Stronger Rental Application,updated
5,204942,los-angeles-apartments-that-accept-broken-leases,Los Angeles Apartments That Accept Broken Leases,https://riseapartments.com/los-angeles-apartments-that-accept-broken-leases/,approval,Helpful Finds for a Stronger Rental Application,updated
5,143979,dallas-apartments-with-gas-range,Top 14 Dallas Apartments with Gas Range,https://riseapartments.com/dallas-apartments-with-gas-range/,kitchen,Helpful Finds for a Chef's Kitchen,updated
5,135779,casagave-at-larkspur-reviews,Casagave at Larkspur Reviews: The Good and the Bad,https://riseapartments.com/casagave-at-larkspur-reviews/,essentials,Helpful Finds for Your New Apartment,updated
5,132373,the-secrets-of-apartment-locators-everything-you-need-to-know,The Secrets of Apartment Locators: Everything You Need To Know,https://riseapartments.com/the-secrets-of-apartment-locators-everything-you-need-to-know/,essentials,Helpful Finds for Your New Apartment,updated
5,106214,top-10-luxury-apartments-in-downtown-dallas-tx,"Top 10 Luxury Apartments in Downtown Dallas, TX",https://riseapartments.com/top-10-luxury-apartments-in-downtown-dallas-tx/,highrise,Helpful Finds for High-Rise Living,updated
4,208352,coordinate-home-sale-and-apartment-move,How to Coordinate a Home Sale and Apartment Move,https://riseapartments.com/coordinate-home-sale-and-apartment-move/,moving,Helpful Finds for Moving Day,updated
4,208319,proving-liability-slip-and-fall-accident,Proving Liability in a Slip and Fall Accident,https://riseapartments.com/proving-liability-slip-and-fall-accident/,security,Helpful Finds for Feeling Safe at Home,updated
4,208200,inherit-house-in-another-state,What to Do When You Inherit a House in Another State,https://riseapartments.com/inherit-house-in-another-state/,moving,Helpful Finds for Moving Day,updated
4,207792,your-rights-as-a-tenant-after-a-car-accident-in-your-apartment,What Are Your Rights as a Tenant After a Car Accident in Your Apartment Complex?,https://riseapartments.com/your-rights-as-a-tenant-after-a-car-accident-in-your-apartment/,security,Helpful Finds for Feeling Safe at Home,updated
4,206875,smarter-storage-strategies-for-apartment-living,Smarter Storage Strategies for Apartment Living,https://riseapartments.com/smarter-storage-strategies-for-apartment-living/,storage,Helpful Finds for Small-Space Storage,updated
4,206470,diy-bed-bug-sprays,Why DIY Bed Bug Sprays Fail More Often and What Actually Works in Apartments,https://riseapartments.com/diy-bed-bug-sprays/,pests,Helpful Finds for a Pest-Free Apartment,updated
4,205929,newark-apartments-that-accept-evictions,Newark Apartments That Accept Evictions,https://riseapartments.com/newark-apartments-that-accept-evictions/,approval,Helpful Finds for a Stronger Rental Application,updated
4,205551,san-antonio-apartments-that-accept-felons,San Antonio Apartments That Accept Felons,https://riseapartments.com/san-antonio-apartments-that-accept-felons/,approval,Helpful Finds for a Stronger Rental Application,updated
4,205061,atlanta-apartments-that-accept-evictions,Atlanta Apartments That Accept Evictions,https://riseapartments.com/atlanta-apartments-that-accept-evictions/,approval,Helpful Finds for a Stronger Rental Application,updated
4,202431,apartments-that-accept-broken-leases-in-the-woodlands,"Apartments That Accept Broken Leases in The Woodlands, TX",https://riseapartments.com/apartments-that-accept-broken-leases-in-the-woodlands/,approval,Helpful Finds for a Stronger Rental Application,updated
4,204506,miami-apartments-that-accept-felons,Miami Apartments That Accept Felons,https://riseapartments.com/miami-apartments-that-accept-felons/,approval,Helpful Finds for a Stronger Rental Application,updated
4,204306,airbnb-friendly-apartments-in-nashville-metro,Airbnb-friendly apartments in Nashville Metro,https://riseapartments.com/airbnb-friendly-apartments-in-nashville-metro/,airbnb,Helpful Finds for Airbnb Hosting,updated
4,204206,airbnb-friendly-apartments-in-columbus,Airbnb-friendly apartments in Columbus,https://riseapartments.com/airbnb-friendly-apartments-in-columbus/,airbnb,Helpful Finds for Airbnb Hosting,updated
4,204141,airbnb-friendly-apartments-in-charlotte,Airbnb-friendly apartments in Charlotte,https://riseapartments.com/airbnb-friendly-apartments-in-charlotte/,airbnb,Helpful Finds for Airbnb Hosting,updated
4,202403,roof-materials-and-types,The Complete Guide to Roof Materials and Types,https://riseapartments.com/roof-materials-and-types/,landlord,Helpful Finds for Landlords and Investors,updated
4,176309,touring-an-apartment,What to Ask When Touring an Apartment Like a Pro,https://riseapartments.com/touring-an-apartment/,touring,Helpful Finds for Apartment Tours,updated
4,174572,katy-apartments-that-accept-felony,Top 16 Katy Apartments That Accept Felony,https://riseapartments.com/katy-apartments-that-accept-felony/,approval,Helpful Finds for a Stronger Rental Application,updated
4,152899,floor-to-ceiling-windows-apartments-san-antonio,Top 11 Floor-to-Ceiling Windows Apartments in San Antonio,https://riseapartments.com/floor-to-ceiling-windows-apartments-san-antonio/,highrise,Helpful Finds for High-Rise Living,updated
4,143555,dallas-apartments-with-gym,Top 15 Dallas Apartments with Gym/Fitness Center,https://riseapartments.com/dallas-apartments-with-gym/,gym,Helpful Finds for Apartment Workouts,updated
4,143002,dallas-apartments-with-sauna,Dallas Apartments with Sauna: Find Your Perfect Luxury Oasis,https://riseapartments.com/dallas-apartments-with-sauna/,pool,Helpful Finds for Pool Days,updated
4,139035,dallas-apartments-that-accept-evictions,Dallas Apartments That Accept Evictions,https://riseapartments.com/dallas-apartments-that-accept-evictions/,approval,Helpful Finds for a Stronger Rental Application,updated
4,120020,discover-the-alexan-river-oaks-a-premier-living-destination,Discover the Alexan River Oaks: A Premier Living Destination,https://riseapartments.com/discover-the-alexan-river-oaks-a-premier-living-destination/,essentials,Helpful Finds for Your New Apartment,updated
4,63416,top-15-apartments-in-river-oaks-houston-tx,"Top 15 Apartments in River Oaks, Houston TX",https://riseapartments.com/top-15-apartments-in-river-oaks-houston-tx/,essentials,Helpful Finds for Your New Apartment,updated
3,208832,new-homes-for-rent,New Homes for Rent: A Better Alternative to Buying,https://riseapartments.com/new-homes-for-rent/,outdoor,Helpful Finds for a Private Yard or Patio,updated
3,208330,rental-pricing-trends-property-owners-should-watch,Rental Pricing Trends Property Owners Should Watch,https://riseapartments.com/rental-pricing-trends-property-owners-should-watch/,landlord,Helpful Finds for Landlords and Investors,updated
3,208306,living-small-without-living-cramped,Living Small Without Living Cramped,https://riseapartments.com/living-small-without-living-cramped/,storage,Helpful Finds for Small-Space Storage,updated
3,207876,signs-you-need-a-property-management-company,10 Signs You Need a Property Management Company,https://riseapartments.com/signs-you-need-a-property-management-company/,landlord,Helpful Finds for Landlords and Investors,updated
3,207758,esa-requests-in-rentals,ESA Requests in Rentals: Verification and Reasonable Accommodations,https://riseapartments.com/esa-requests-in-rentals/,pets,Helpful Finds for Apartment Pets,updated
3,207064,cabinets-and-countertops-shape-apartment-living,"How Cabinets and Countertops Shape the Look, Flow, and Feel of Apartment Living",https://riseapartments.com/cabinets-and-countertops-shape-apartment-living/,kitchen,Helpful Finds for a Chef's Kitchen,updated
3,207034,rigging-and-heavy-lifting-make-modern-apartment-construction-possible,How Rigging and Heavy Lifting Make Modern Apartment Construction Possible,https://riseapartments.com/rigging-and-heavy-lifting-make-modern-apartment-construction-possible/,landlord,Helpful Finds for Landlords and Investors,updated
3,206659,why-durable-handrails-matter-in-multi-family-housing-design,Why Durable Handrails Matter in Multi-Family Housing Design,https://riseapartments.com/why-durable-handrails-matter-in-multi-family-housing-design/,landlord,Helpful Finds for Landlords and Investors,updated
3,206251,st-paul-apartments-that-accept-felons,St. Paul Apartments That Accept Felons,https://riseapartments.com/st-paul-apartments-that-accept-felons/,approval,Helpful Finds for a Stronger Rental Application,updated
3,206226,minneapolis-apartments-that-accept-felons,Minneapolis Apartments That Accept Felons,https://riseapartments.com/minneapolis-apartments-that-accept-felons/,approval,Helpful Finds for a Stronger Rental Application,updated
3,206013,new-rochelle-apartments-that-accept-felons,New Rochelle Apartments That Accept Felons,https://riseapartments.com/new-rochelle-apartments-that-accept-felons/,approval,Helpful Finds for a Stronger Rental Application,updated
3,205887,jersey-city-apartments-that-accept-evictions,Jersey City Apartments That Accept Evictions,https://riseapartments.com/jersey-city-apartments-that-accept-evictions/,approval,Helpful Finds for a Stronger Rental Application,updated
3,205156,denver-apartments-that-accept-felons,Denver Apartments That Accept Felons,https://riseapartments.com/denver-apartments-that-accept-felons/,approval,Helpful Finds for a Stronger Rental Application,updated
3,205098,washington-apartments-that-accept-evictions,Washington Apartments That Accept Evictions,https://riseapartments.com/washington-apartments-that-accept-evictions/,approval,Helpful Finds for a Stronger Rental Application,updated
3,205084,phoenix-apartments-that-accept-felons,Phoenix Apartments That Accept Felons,https://riseapartments.com/phoenix-apartments-that-accept-felons/,approval,Helpful Finds for a Stronger Rental Application,updated
3,204537,unexpected-ways-diy-skills-can-save-you-time-and-money,Unexpected Ways DIY Skills Can Save You Time and Money,https://riseapartments.com/unexpected-ways-diy-skills-can-save-you-time-and-money/,tools,Helpful Finds for Apartment Repairs and Upkeep,updated
3,203087,airbnb-friendly-apartments-in-birmingham,Airbnb-Friendly Apartments in Birmingham,https://riseapartments.com/airbnb-friendly-apartments-in-birmingham/,airbnb,Helpful Finds for Airbnb Hosting,updated
3,200065,modern-guide-to-apartment-interior-design,Chic and Spacious: The Modern Guide to Apartment Interior Design,https://riseapartments.com/modern-guide-to-apartment-interior-design/,decor,Helpful Finds to Finish the Look,updated
3,158805,houston-apartments-with-hot-tubs,Top 12 Houston Apartments with Hot Tubs,https://riseapartments.com/houston-apartments-with-hot-tubs/,pool,Helpful Finds for Pool Days,updated
3,152720,dallas-apartments-with-tennis-court,Top 11 Dallas Apartments with Tennis Court,https://riseapartments.com/dallas-apartments-with-tennis-court/,tennis,Helpful Finds for Tennis Players,updated
3,149789,airbnb-friendly-apartments-in-san-antonio,Airbnb-Friendly Apartments in San Antonio,https://riseapartments.com/airbnb-friendly-apartments-in-san-antonio/,airbnb,Helpful Finds for Airbnb Hosting,updated
3,148001,rental-home-community-texas,Every Rental Home Community in Texas,https://riseapartments.com/rental-home-community-texas/,outdoor,Helpful Finds for a Private Yard or Patio,updated
3,143785,dallas-apartments-near-golf-course,Dallas Apartments Near Golf Course: A Golfer’s Paradise Awaits,https://riseapartments.com/dallas-apartments-near-golf-course/,golf,Helpful Finds for Golfers,updated
3,141733,katy-apartments-with-granite-countertops,Top 11 Katy Apartments with Granite Countertops,https://riseapartments.com/katy-apartments-with-granite-countertops/,kitchen,Helpful Finds for a Chef's Kitchen,updated
3,140157,dallas-apartments-with-smart-technology,Dallas Apartments with Smart Technology in Unit,https://riseapartments.com/dallas-apartments-with-smart-technology/,smart,Helpful Finds for a Smart Apartment,updated
3,139031,dallas-apartments-with-attached-garage,Dallas Apartments with Attached Garage,https://riseapartments.com/dallas-apartments-with-attached-garage/,garage,Helpful Finds for an Attached Garage,updated
3,135477,ascend-at-westinghouse-reviews,Ascend at Westinghouse Reviews: Discover Your Ideal Apartment,https://riseapartments.com/ascend-at-westinghouse-reviews/,essentials,Helpful Finds for Your New Apartment,updated
3,119478,the-westover-at-west-branch-a-haven-of-comfort-convenience,The Westover at West Branch: A Haven of Comfort & Convenience,https://riseapartments.com/the-westover-at-west-branch-a-haven-of-comfort-convenience/,essentials,Helpful Finds for Your New Apartment,updated
3,117778,resia-ten-oaks-apartments-elevating-apartment-living-in-houston,Resia Ten Oaks Apartments: Elevating Apartment Living in Houston,https://riseapartments.com/resia-ten-oaks-apartments-elevating-apartment-living-in-houston/,essentials,Helpful Finds for Your New Apartment,updated
3,110696,discover-amli-fountain-place-pinnacle-of-dallas-luxury-living,Discover AMLI Fountain Place: Pinnacle of Dallas Luxury Living,https://riseapartments.com/discover-amli-fountain-place-pinnacle-of-dallas-luxury-living/,highrise,Helpful Finds for High-Rise Living,updated
3,108064,top-10-best-luxury-apartments-in-midtown-dallas-tx,"Top 10 Best Luxury Apartments in Midtown Dallas, TX",https://riseapartments.com/top-10-best-luxury-apartments-in-midtown-dallas-tx/,highrise,Helpful Finds for High-Rise Living,updated
2,208267,understanding-property-maintenance-costs,Understanding Property Maintenance Costs,https://riseapartments.com/understanding-property-maintenance-costs/,tools,Helpful Finds for Apartment Repairs and Upkeep,updated
2,208225,design-choices-that-make-apartments-more-appealing,Design Choices That Make Apartments More Appealing,https://riseapartments.com/design-choices-that-make-apartments-more-appealing/,decor,Helpful Finds to Finish the Look,updated
2,208211,office-furniture-ideas-for-apartment,Office Furniture Ideas for Apartment Coworking Spaces,https://riseapartments.com/office-furniture-ideas-for-apartment/,office,Helpful Finds for an Apartment Home Office,updated
2,208071,pets-allowed-vs-pet-friendly-tell-the-difference,Pets Allowed vs. Pet-Friendly: How Renters Can Tell the Difference,https://riseapartments.com/pets-allowed-vs-pet-friendly-tell-the-difference/,pets,Helpful Finds for Apartment Pets,updated
2,208042,property-managers-create-better-apartment-communities,How Property Managers Create Better Apartment Communities,https://riseapartments.com/property-managers-create-better-apartment-communities/,landlord,Helpful Finds for Landlords and Investors,updated
2,208000,renters-should-know-when-a-landlord-sells-the-building,What Renters Should Know When a Landlord Sells the Building ,https://riseapartments.com/renters-should-know-when-a-landlord-sells-the-building/,moving,Helpful Finds for Moving Day,updated
2,207828,what-to-look-for-before-moving-into-a-downtown-apartment,What to Look for Before Moving Into a Downtown Apartment,https://riseapartments.com/what-to-look-for-before-moving-into-a-downtown-apartment/,moving,Helpful Finds for Moving Day,updated
2,207816,texas-renters-with-own-appliances-consider-home-warranty,Why Texas Renters With Their Own Appliances Should Consider a Home Warranty,https://riseapartments.com/texas-renters-with-own-appliances-consider-home-warranty/,appliances,Helpful Finds for Appliance Care,updated
2,207782,quality-and-comfort-in-todays-apartment-communities,What Defines Quality and Comfort in Today’s Apartment Communities,https://riseapartments.com/quality-and-comfort-in-todays-apartment-communities/,essentials,Helpful Finds for Your New Apartment,updated
2,207749,fast-maintenance-response-defines-modern-apartment-living,Why Fast Maintenance Response Defines Modern Apartment Living,https://riseapartments.com/fast-maintenance-response-defines-modern-apartment-living/,tools,Helpful Finds for Apartment Repairs and Upkeep,updated
2,207684,soft-furnishings-that-transform-a-room,"Small Changes, Big Results: Soft Furnishings That Transform a Room",https://riseapartments.com/soft-furnishings-that-transform-a-room/,decor,Helpful Finds to Finish the Look,updated
2,207436,how-smart-home-technology-is-changing-apartment-living,How Smart Home Technology Is Changing Apartment Living in 2026,https://riseapartments.com/how-smart-home-technology-is-changing-apartment-living/,smart,Helpful Finds for a Smart Apartment,updated
2,206920,structural-quality-and-smart-design-influence-value-of-high-rise-apartments,How Structural Quality and Smart Design Influence the Long-Term Value of High-Rise Apartments,https://riseapartments.com/structural-quality-and-smart-design-influence-value-of-high-rise-apartments/,highrise,Helpful Finds for High-Rise Living,updated
2,206455,landlord-and-tenant-responsibilities-for-bed-bugs-in-florida,Landlord and Tenant Responsibilities for Bed Bugs in Florida,https://riseapartments.com/landlord-and-tenant-responsibilities-for-bed-bugs-in-florida/,pests,Helpful Finds for a Pest-Free Apartment,updated
2,206127,sunnyvale-apartments-that-accept-felons,Sunnyvale Apartments That Accept Felons,https://riseapartments.com/sunnyvale-apartments-that-accept-felons/,approval,Helpful Finds for a Stronger Rental Application,updated
2,206045,key-amenities-that-drive-value-in-luxury-high-rise-living,Key Amenities That Drive Value in Luxury High-Rise Living,https://riseapartments.com/key-amenities-that-drive-value-in-luxury-high-rise-living/,highrise,Helpful Finds for High-Rise Living,updated
2,205987,bad-credit-apartments-in-white-plains,Bad Credit Apartments in White Plains,https://riseapartments.com/bad-credit-apartments-in-white-plains/,approval,Helpful Finds for a Stronger Rental Application,updated
2,205900,dealing-with-bed-bugs-in-apartments,Dealing with Bed Bugs in Apartments: Tips and Legal Protections,https://riseapartments.com/dealing-with-bed-bugs-in-apartments/,pests,Helpful Finds for a Pest-Free Apartment,updated
2,205828,brooklyn-apartments-that-accept-evictions,Brooklyn Apartments That Accept Evictions,https://riseapartments.com/brooklyn-apartments-that-accept-evictions/,approval,Helpful Finds for a Stronger Rental Application,updated
2,205809,how-a-fast-home-sale-simplifies-moving-plans,How a Fast Home Sale Simplifies Moving Plans,https://riseapartments.com/how-a-fast-home-sale-simplifies-moving-plans/,moving,Helpful Finds for Moving Day,updated
2,205727,when-to-sell-your-house-and-move-to-an-apartment-key-financial-benefits,When to Sell Your House and Move to an Apartment: Key Financial Benefits,https://riseapartments.com/when-to-sell-your-house-and-move-to-an-apartment-key-financial-benefits/,moving,Helpful Finds for Moving Day,updated
2,205657,plano-apartments-that-accept-broken-leases,Plano Apartments That Accept Broken Leases,https://riseapartments.com/plano-apartments-that-accept-broken-leases/,approval,Helpful Finds for a Stronger Rental Application,updated
2,205575,nashville-apartments-that-accept-evictions,Nashville Apartments That Accept Evictions,https://riseapartments.com/nashville-apartments-that-accept-evictions/,approval,Helpful Finds for a Stronger Rental Application,updated
2,205511,charlotte-apartments-that-accept-evictions,Charlotte Apartments That Accept Evictions,https://riseapartments.com/charlotte-apartments-that-accept-evictions/,approval,Helpful Finds for a Stronger Rental Application,updated
2,205465,bad-credit-apartments-in-san-diego,Bad Credit Apartments in San Diego,https://riseapartments.com/bad-credit-apartments-in-san-diego/,approval,Helpful Finds for a Stronger Rental Application,updated
2,205417,bad-credit-apartments-in-los-angeles,Bad Credit Apartments in Los Angeles,https://riseapartments.com/bad-credit-apartments-in-los-angeles/,approval,Helpful Finds for a Stronger Rental Application,updated
2,205144,seattle-apartments-that-accept-felons,Seattle Apartments That Accept Felons,https://riseapartments.com/seattle-apartments-that-accept-felons/,approval,Helpful Finds for a Stronger Rental Application,updated
2,205018,dallas-apartments-that-accept-felons,Dallas Apartments That Accept Felons,https://riseapartments.com/dallas-apartments-that-accept-felons/,approval,Helpful Finds for a Stronger Rental Application,updated
2,205010,dallas-apartments-that-accept-broken-leases,Dallas Apartments That Accept Broken Leases,https://riseapartments.com/dallas-apartments-that-accept-broken-leases/,approval,Helpful Finds for a Stronger Rental Application,updated
2,204950,los-angeles-apartments-that-accept-felons,Los Angeles Apartments That Accept Felons,https://riseapartments.com/los-angeles-apartments-that-accept-felons/,approval,Helpful Finds for a Stronger Rental Application,updated
2,204833,rta-cabinets-for-multifamily-apartment-renovations,The 5 Best RTA Cabinets for Multifamily Apartment Renovations,https://riseapartments.com/rta-cabinets-for-multifamily-apartment-renovations/,kitchen,Helpful Finds for a Chef's Kitchen,updated
2,204360,airbnb-friendly-apartments-in-fort-worth,Airbnb-friendly apartments in Fort Worth,https://riseapartments.com/airbnb-friendly-apartments-in-fort-worth/,airbnb,Helpful Finds for Airbnb Hosting,updated
2,204155,airbnb-friendly-apartments-in-raleigh,Airbnb-friendly apartments in Raleigh,https://riseapartments.com/airbnb-friendly-apartments-in-raleigh/,airbnb,Helpful Finds for Airbnb Hosting,updated
2,204070,airbnb-friendly-apartments-in-detroit-metro,Airbnb-Friendly Apartments in Detroit Metro,https://riseapartments.com/airbnb-friendly-apartments-in-detroit-metro/,airbnb,Helpful Finds for Airbnb Hosting,updated
2,204049,airbnb-friendly-apartments-in-boston-metro,Airbnb-friendly apartments in Boston Metro,https://riseapartments.com/airbnb-friendly-apartments-in-boston-metro/,airbnb,Helpful Finds for Airbnb Hosting,updated
2,203468,perfect-outdoor-relaxation-area-at-home,Creating the Perfect Outdoor Relaxation Area at Home,https://riseapartments.com/perfect-outdoor-relaxation-area-at-home/,outdoor,Helpful Finds for a Private Yard or Patio,updated
2,203340,airbnb-friendly-apartments-in-san-diego,Airbnb-Friendly Apartments in San Diego,https://riseapartments.com/airbnb-friendly-apartments-in-san-diego/,airbnb,Helpful Finds for Airbnb Hosting,updated
2,202888,black-designer-radiators-into-your-apartment-decor,Five Creative Ways to Integrate Black Designer Radiators Into Your Apartment Decor,https://riseapartments.com/black-designer-radiators-into-your-apartment-decor/,decor,Helpful Finds to Finish the Look,updated
2,202223,apartments-that-accept-broken-leases-in-georgetown,"Apartments That Accept Broken Leases in Georgetown, TX",https://riseapartments.com/apartments-that-accept-broken-leases-in-georgetown/,approval,Helpful Finds for a Stronger Rental Application,updated
2,200826,san-antonio-apartments-with-dog-park,Top 12 San Antonio Apartments with Dog Park,https://riseapartments.com/san-antonio-apartments-with-dog-park/,pets,Helpful Finds for Apartment Pets,updated
2,199363,unseen-structural-problems-that-could-be-lurking-in-your-home,Unseen Structural Problems That Could Be Lurking in Your Home,https://riseapartments.com/unseen-structural-problems-that-could-be-lurking-in-your-home/,tools,Helpful Finds for Apartment Repairs and Upkeep,updated
2,193840,sliding-doors-modern-functionality-with-timeless-appeal,Sliding Doors: Modern Functionality with Timeless Appeal,https://riseapartments.com/sliding-doors-modern-functionality-with-timeless-appeal/,decor,Helpful Finds to Finish the Look,updated
2,184747,broken-lease-apartments-in-conroe-tx,"Broken Lease Apartments in Conroe, TX",https://riseapartments.com/broken-lease-apartments-in-conroe-tx/,approval,Helpful Finds for a Stronger Rental Application,updated
2,149112,austin-apartments-with-gym-fitness-center,Top 15 Austin Apartments with Gym/Fitness Center,https://riseapartments.com/austin-apartments-with-gym-fitness-center/,gym,Helpful Finds for Apartment Workouts,updated
2,145826,katy-apartments-with-gyms-fitness-center,Top 16 Katy Apartments with Gyms/Fitness Center,https://riseapartments.com/katy-apartments-with-gyms-fitness-center/,gym,Helpful Finds for Apartment Workouts,updated
2,144969,houston-1-bedroom-apartments,Top 25 Houston 1 Bedroom Apartments For Rent,https://riseapartments.com/houston-1-bedroom-apartments/,essentials,Helpful Finds for Your New Apartment,updated
2,142841,mid-rise-apartments-in-dallas-tx,"Newest Mid Rise Apartments in Dallas, TX",https://riseapartments.com/mid-rise-apartments-in-dallas-tx/,highrise,Helpful Finds for High-Rise Living,updated
2,138115,alta-river-oaks-reviews,Alta River Oaks Reviews: Is It Worth Your Investment?,https://riseapartments.com/alta-river-oaks-reviews/,essentials,Helpful Finds for Your New Apartment,updated
2,139032,dallas-apartments-with-concierge,Top 12 Dallas Apartments with Concierge,https://riseapartments.com/dallas-apartments-with-concierge/,highrise,Helpful Finds for High-Rise Living,updated
2,138033,allora-parkland-reviews,Allora Parkland Reviews: A 5-Star Community Worth Considering,https://riseapartments.com/allora-parkland-reviews/,essentials,Helpful Finds for Your New Apartment,updated
2,138106,alta-cypress-springs-reviews,Alta Cypress Springs Reviews: A 4.6-Star Apartment Experience,https://riseapartments.com/alta-cypress-springs-reviews/,essentials,Helpful Finds for Your New Apartment,updated
2,138691,section-8-low-income-apartments-in-baytown-tx,"Section 8 Low Income Apartments in Baytown, TX",https://riseapartments.com/section-8-low-income-apartments-in-baytown-tx/,approval,Helpful Finds for a Stronger Rental Application,updated
2,137669,alexan-cypress-creek-reviews,Alexan Cypress Creek Reviews: Is This Your Next Home?,https://riseapartments.com/alexan-cypress-creek-reviews/,essentials,Helpful Finds for Your New Apartment,updated
2,135907,the-best-majors-for-real-estate-choosing-the-right-path,The Best Majors for Real Estate: Choosing the Right Path,https://riseapartments.com/the-best-majors-for-real-estate-choosing-the-right-path/,landlord,Helpful Finds for Landlords and Investors,updated
2,135630,why-bluestem-apartments-is-not-the-ideal-place-to-live-for-most,Why BlueStem Apartments is NOT the Ideal Place to Live for Most?,https://riseapartments.com/why-bluestem-apartments-is-not-the-ideal-place-to-live-for-most/,essentials,Helpful Finds for Your New Apartment,updated
2,133664,rpm-living,RPM Living: Transforming Multifamily Real Estate Management,https://riseapartments.com/rpm-living/,landlord,Helpful Finds for Landlords and Investors,updated
2,132339,how-long-does-it-take-to-get-approved-for-an-apartment,How Long Does It Take to Get Approved for an Apartment?,https://riseapartments.com/how-long-does-it-take-to-get-approved-for-an-apartment/,approval,Helpful Finds for a Stronger Rental Application,updated
2,63750,top-10-apartments-near-nrg-stadium-houston,Top 10 Apartments Near NRG Stadium Houston,https://riseapartments.com/top-10-apartments-near-nrg-stadium-houston/,essentials,Helpful Finds for Your New Apartment,updated
2,63331,top-15-apartments-near-houston-medical-center,Top 15 Apartments Near Houston Medical Center,https://riseapartments.com/top-15-apartments-near-houston-medical-center/,essentials,Helpful Finds for Your New Apartment,updated
2,63203,top-10-houston-apartments-for-rent-near-the-museum-district,Top 10 Houston Apartments for Rent Near the Museum District,https://riseapartments.com/top-10-houston-apartments-for-rent-near-the-museum-district/,essentials,Helpful Finds for Your New Apartment,updated
1,208335,modern-apartments-handle-rapid-tenant-upgrades,How Modern Apartments Handle Rapid Tenant Upgrades,https://riseapartments.com/modern-apartments-handle-rapid-tenant-upgrades/,tools,Helpful Finds for Apartment Repairs and Upkeep,updated
1,208273,common-causes-construction-site-fall-injuries,Common Causes of Construction Site Fall Injuries,https://riseapartments.com/common-causes-construction-site-fall-injuries/,landlord,Helpful Finds for Landlords and Investors,updated
1,208236,downsize-from-house-to-apartment,How to Downsize From a House to an Apartment,https://riseapartments.com/downsize-from-house-to-apartment/,moving,Helpful Finds for Moving Day,updated
1,208206,hoa-construction-defect-claims-apartment,HOA Construction Defect Claims in Apartment-Style Communities,https://riseapartments.com/hoa-construction-defect-claims-apartment/,landlord,Helpful Finds for Landlords and Investors,updated
1,208179,how-staff-apparel-builds-resident-trust,Embroidery in Houston: How Staff Apparel Builds Resident Trust,https://riseapartments.com/how-staff-apparel-builds-resident-trust/,landlord,Helpful Finds for Landlords and Investors,updated
1,208164,apartment-premises-liability-claim,How Long Does an Apartment Premises Liability Claim Take?,https://riseapartments.com/apartment-premises-liability-claim/,security,Helpful Finds for Feeling Safe at Home,updated
1,208155,before-you-sign-lease-run-full-housing-budget-check,"Before You Sign a Lease, Run a Full Housing Budget Check",https://riseapartments.com/before-you-sign-lease-run-full-housing-budget-check/,approval,Helpful Finds for a Stronger Rental Application,updated
1,208122,best-peel-and-stick-wallpaper,The Best Peel and Stick Wallpaper: Transforming Your Walls,https://riseapartments.com/best-peel-and-stick-wallpaper/,wallpaper,Helpful Finds for Renter-Friendly Walls,updated
1,208118,find-reliable-apartment-movers,How to Find Reliable Apartment Movers,https://riseapartments.com/find-reliable-apartment-movers/,moving,Helpful Finds for Moving Day,updated
1,208079,apartment-moving-guide-how-to-plan-a-smoother-move,Apartment Moving Guide: How to Plan a Smoother Move,https://riseapartments.com/apartment-moving-guide-how-to-plan-a-smoother-move/,moving,Helpful Finds for Moving Day,updated
1,208047,property-manager-guide-maintaining-multi-family-roofs,Property Manager Guide: Maintaining Multi-Family Roofs,https://riseapartments.com/property-manager-guide-maintaining-multi-family-roofs/,landlord,Helpful Finds for Landlords and Investors,updated
1,208028,technology-is-changing-the-apartment-rental-experience,How Technology Is Changing the Apartment Rental Experience,https://riseapartments.com/technology-is-changing-the-apartment-rental-experience/,smart,Helpful Finds for a Smart Apartment,updated
1,208008,emergency-plumbing-and-restroom-outage,How Property Managers Handle Emergency Plumbing and Restroom Outages,https://riseapartments.com/emergency-plumbing-and-restroom-outage/,tools,Helpful Finds for Apartment Repairs and Upkeep,updated
1,208004,turning-a-shaded-backyard-into-usable-living-space,Turning a Shaded Backyard Into Usable Living Space,https://riseapartments.com/turning-a-shaded-backyard-into-usable-living-space/,outdoor,Helpful Finds for a Private Yard or Patio,updated
1,207927,can-you-use-solar-batteries-in-an-apartment,Can You Use Solar Batteries in an Apartment?,https://riseapartments.com/can-you-use-solar-batteries-in-an-apartment/,power,Helpful Finds for Backup Power in an Apartment,updated
1,207920,how-can-realtor-help-you-avoid-overpriced-listings,How Can a Bothell Realtor Help You Avoid Overpriced Listings?,https://riseapartments.com/how-can-realtor-help-you-avoid-overpriced-listings/,landlord,Helpful Finds for Landlords and Investors,updated
1,207913,small-changes-that-make-apartment-life-more-effortless,Small Changes That Make Apartment Life More Effortless,https://riseapartments.com/small-changes-that-make-apartment-life-more-effortless/,storage,Helpful Finds for Small-Space Storage,updated
1,207872,top-mistakes-first-time-renters-make,Top Mistakes First-Time Renters Make (and How to Avoid Them),https://riseapartments.com/top-mistakes-first-time-renters-make/,approval,Helpful Finds for a Stronger Rental Application,updated
1,207853,what-is-hoa-management-texas-homeowners,What Is HOA Management and Why It Matters for Texas Homeowners,https://riseapartments.com/what-is-hoa-management-texas-homeowners/,landlord,Helpful Finds for Landlords and Investors,updated
1,207841,how-does-asphalt-paving-work,How Does Asphalt Paving Work?,https://riseapartments.com/how-does-asphalt-paving-work/,landlord,Helpful Finds for Landlords and Investors,updated
1,207788,how-smart-investors-build-real-estate-income,How Smart Investors Build Real Estate Income Without Becoming Landlords,https://riseapartments.com/how-smart-investors-build-real-estate-income/,landlord,Helpful Finds for Landlords and Investors,updated
1,207754,why-chattanooga-tn-is-perfect-for-families-guide-to-moving,"Why Chattanooga, TN is Perfect for Families: A Guide to Moving Here",https://riseapartments.com/why-chattanooga-tn-is-perfect-for-families-guide-to-moving/,moving,Helpful Finds for Moving Day,updated
1,207741,condo-living-in-miami-top-advice-for-renters,Condo Living in Miami: Top Advice for Renters,https://riseapartments.com/condo-living-in-miami-top-advice-for-renters/,essentials,Helpful Finds for Your New Apartment,updated
1,207737,smart-investments-that-increase-property-value,Smart Investments That Increase Property Value for Commercial Facilities,https://riseapartments.com/smart-investments-that-increase-property-value/,landlord,Helpful Finds for Landlords and Investors,updated
1,207725,chamber-vacuum-sealers-change-freezer-organization,How Chamber Vacuum Sealers Change Freezer Organization?,https://riseapartments.com/chamber-vacuum-sealers-change-freezer-organization/,vacuumseal,Helpful Finds for Freezer Organization,updated
1,207455,gps-time-clock-apps-for-managing-multiple-construction-sites,5 GPS Time Clock Apps for Managing Multiple Construction Sites (2026),https://riseapartments.com/gps-time-clock-apps-for-managing-multiple-construction-sites/,landlord,Helpful Finds for Landlords and Investors,updated
1,207447,best-event-spaces-for-corporate-and-social-gatherings,Best Event Spaces for Corporate and Social Gatherings,https://riseapartments.com/best-event-spaces-for-corporate-and-social-gatherings/,landlord,Helpful Finds for Landlords and Investors,updated
1,207348,nyc-storage-companies-help-apartment-renters-maximize-space,How NYC Storage Companies Help Apartment Renters Maximize Space,https://riseapartments.com/nyc-storage-companies-help-apartment-renters-maximize-space/,storage,Helpful Finds for Small-Space Storage,updated
1,207316,navigating-real-estate-investments-from-deals-to-property-management,Navigating Real Estate Investments: From Deals to Property Management,https://riseapartments.com/navigating-real-estate-investments-from-deals-to-property-management/,landlord,Helpful Finds for Landlords and Investors,updated
1,207301,warning-signs-for-your-apartment-buildings-roof,Warning Signs Your Apartment Building’s Roof May Be Headed for Expensive Trouble,https://riseapartments.com/warning-signs-for-your-apartment-buildings-roof/,landlord,Helpful Finds for Landlords and Investors,updated
1,207293,what-to-do-about-mold-in-your-apartment,What to Do About Mold in Your Apartment,https://riseapartments.com/what-to-do-about-mold-in-your-apartment/,pests,Helpful Finds for a Pest-Free Apartment,updated
1,207286,the-best-free-ai-kitchen-design-generator-2026-official-no-signup-options-for-apartment-living,The Best Free AI Kitchen Design Generator 2026: Official No-Signup Options for Apartment Living,https://riseapartments.com/the-best-free-ai-kitchen-design-generator-2026-official-no-signup-options-for-apartment-living/,kitchen,Helpful Finds for a Chef's Kitchen,updated
1,207079,from-renting-to-owning-navigating-high-demand-markets,From Renting to Owning: Navigating the Jump in High-Demand Markets,https://riseapartments.com/from-renting-to-owning-navigating-high-demand-markets/,moving,Helpful Finds for Moving Day,updated
1,207049,can-you-charge-a-pet-fee-for-a-service-animal,Can You Charge a Pet Fee for a Service Animal?,https://riseapartments.com/can-you-charge-a-pet-fee-for-a-service-animal/,pets,Helpful Finds for Apartment Pets,updated
1,206976,creative-hacks-to-reclaim-every-inch-of-your-apartment,"Small Space, Big Potential: Creative Hacks to Reclaim Every Inch of Your Apartment",https://riseapartments.com/creative-hacks-to-reclaim-every-inch-of-your-apartment/,storage,Helpful Finds for Small-Space Storage,updated
1,206963,choosing-the-wrong-tenant-and-how-smart-landlords-avoid-it,The Hidden Stress of Choosing the Wrong Tenant and How Smart Landlords Avoid It,https://riseapartments.com/choosing-the-wrong-tenant-and-how-smart-landlords-avoid-it/,landlord,Helpful Finds for Landlords and Investors,updated
1,206673,smart-asset-strategies-for-apartment-owners,Smart Asset Strategies for Apartment Owners in Uncertain Markets,https://riseapartments.com/smart-asset-strategies-for-apartment-owners/,landlord,Helpful Finds for Landlords and Investors,updated
1,206587,families-should-choose-rental-homes-in-rosharon-with-dog-parks,Why Families Should Choose Rental Homes in Rosharon with Dog Parks,https://riseapartments.com/families-should-choose-rental-homes-in-rosharon-with-dog-parks/,pets,Helpful Finds for Apartment Pets,updated
1,206558,what-apartment-owners-should-do-after-a-building-fire,What Apartment Owners Should Do After a Building Fire,https://riseapartments.com/what-apartment-owners-should-do-after-a-building-fire/,safety,Helpful Finds for Protecting Your Apartment,updated
1,206550,relocation-strategies-for-homeowners-moving-to-apartments,Relocation Strategies for Homeowners Moving to Apartments,https://riseapartments.com/relocation-strategies-for-homeowners-moving-to-apartments/,moving,Helpful Finds for Moving Day,updated
1,206538,outdoor-space-with-retractable-screens-and-glass-installation,Create a Bug-Free Outdoor Space with Retractable Screens and Glass Installation ,https://riseapartments.com/outdoor-space-with-retractable-screens-and-glass-installation/,outdoor,Helpful Finds for a Private Yard or Patio,updated
1,206463,bed-bugs-in-your-texas-apartment,What to Do if You Find Bed Bugs in Your Texas Apartment: A Step-by-Step Renter Checklist,https://riseapartments.com/bed-bugs-in-your-texas-apartment/,pests,Helpful Finds for a Pest-Free Apartment,updated
1,206180,redwood-city-apartments-that-accept-felons,Redwood City Apartments That Accept Felons,https://riseapartments.com/redwood-city-apartments-that-accept-felons/,approval,Helpful Finds for a Stronger Rental Application,updated
1,206164,palo-alto-apartments-that-accept-felons,Palo Alto Apartments That Accept Felons,https://riseapartments.com/palo-alto-apartments-that-accept-felons/,approval,Helpful Finds for a Stronger Rental Application,updated
1,206143,mountain-view-apartments-that-accept-felons,Mountain View Apartments That Accept Felons,https://riseapartments.com/mountain-view-apartments-that-accept-felons/,approval,Helpful Finds for a Stronger Rental Application,updated
1,206110,santa-clara-apartments-that-accept-felons,Santa Clara Apartments That Accept Felons,https://riseapartments.com/santa-clara-apartments-that-accept-felons/,approval,Helpful Finds for a Stronger Rental Application,updated
1,205969,yonkers-apartments-that-accept-felons,Yonkers Apartments That Accept Felons,https://riseapartments.com/yonkers-apartments-that-accept-felons/,approval,Helpful Finds for a Stronger Rental Application,updated
1,205937,hoboken-apartments-that-accept-felons,Hoboken Apartments That Accept Felons,https://riseapartments.com/hoboken-apartments-that-accept-felons/,approval,Helpful Finds for a Stronger Rental Application,updated
1,205858,bronx-apartments-that-accept-felons,Bronx Apartments That Accept Felons,https://riseapartments.com/bronx-apartments-that-accept-felons/,approval,Helpful Finds for a Stronger Rental Application,updated
1,205772,garland-apartments-that-accept-evictions,Garland Apartments That Accept Evictions,https://riseapartments.com/garland-apartments-that-accept-evictions/,approval,Helpful Finds for a Stronger Rental Application,updated
1,205764,garland-apartments-that-accept-felons,Garland Apartments That Accept Felons,https://riseapartments.com/garland-apartments-that-accept-felons/,approval,Helpful Finds for a Stronger Rental Application,updated
1,205731,what-hoa-fees-really-pay-for-in-apartment-style-communities,What HOA Fees Really Pay For in Apartment Style Communities,https://riseapartments.com/what-hoa-fees-really-pay-for-in-apartment-style-communities/,landlord,Helpful Finds for Landlords and Investors,updated
1,205680,richardson-apartments-that-accept-evictions,Richardson Apartments That Accept Evictions,https://riseapartments.com/richardson-apartments-that-accept-evictions/,approval,Helpful Finds for a Stronger Rental Application,updated
1,205676,richardson-apartments-that-accept-broken-leases,Richardson Apartments That Accept Broken Leases,https://riseapartments.com/richardson-apartments-that-accept-broken-leases/,approval,Helpful Finds for a Stronger Rental Application,updated
1,205672,richardson-apartments-that-accept-felons,Richardson Apartments That Accept Felons,https://riseapartments.com/richardson-apartments-that-accept-felons/,approval,Helpful Finds for a Stronger Rental Application,updated
1,205653,plano-apartments-that-accept-felons,Plano Apartments That Accept Felons,https://riseapartments.com/plano-apartments-that-accept-felons/,approval,Helpful Finds for a Stronger Rental Application,updated
1,205638,tips-for-finding-safe-rental-properties,Best Tips for Finding Safe Rental Properties,https://riseapartments.com/tips-for-finding-safe-rental-properties/,security,Helpful Finds for Feeling Safe at Home,updated
1,205631,irving-apartments-that-accept-evictions,Irving Apartments That Accept Evictions,https://riseapartments.com/irving-apartments-that-accept-evictions/,approval,Helpful Finds for a Stronger Rental Application,updated
1,205627,irving-apartments-that-accept-broken-leases,Irving Apartments That Accept Broken Leases,https://riseapartments.com/irving-apartments-that-accept-broken-leases/,approval,Helpful Finds for a Stronger Rental Application,updated
1,205615,arlington-apartments-that-accept-evictions,Arlington Apartments That Accept Evictions,https://riseapartments.com/arlington-apartments-that-accept-evictions/,approval,Helpful Finds for a Stronger Rental Application,updated
1,205603,bad-credit-apartments-in-arlington,Bad Credit Apartments in Arlington,https://riseapartments.com/bad-credit-apartments-in-arlington/,approval,Helpful Finds for a Stronger Rental Application,updated
1,205599,apartment-outdoor-areas-never-get-used,Why Some Apartment Outdoor Areas Never Get Used,https://riseapartments.com/apartment-outdoor-areas-never-get-used/,outdoor,Helpful Finds for a Private Yard or Patio,updated
1,205591,fort-worth-apartments-that-accept-evictions,Fort Worth Apartments That Accept Evictions,https://riseapartments.com/fort-worth-apartments-that-accept-evictions/,approval,Helpful Finds for a Stronger Rental Application,updated
1,205457,bad-credit-apartments-in-denver,Bad Credit Apartments in Denver,https://riseapartments.com/bad-credit-apartments-in-denver/,approval,Helpful Finds for a Stronger Rental Application,updated
1,205440,bad-credit-apartments-in-phoenix,Bad Credit Apartments in Phoenix,https://riseapartments.com/bad-credit-apartments-in-phoenix/,approval,Helpful Finds for a Stronger Rental Application,updated
1,205103,washington-apartments-that-accept-felons,Washington Apartments That Accept Felons,https://riseapartments.com/washington-apartments-that-accept-felons/,approval,Helpful Finds for a Stronger Rental Application,updated
1,204502,new-york-apartments-that-accept-evictions,New York Apartments That Accept Evictions,https://riseapartments.com/new-york-apartments-that-accept-evictions/,approval,Helpful Finds for a Stronger Rental Application,updated
1,204123,airbnb-friendly-apartments-in-minneapolis,Airbnb-friendly apartments in Minneapolis,https://riseapartments.com/airbnb-friendly-apartments-in-minneapolis/,airbnb,Helpful Finds for Airbnb Hosting,updated
1,203914,timeline-from-apartment-living-to-home-closing,The Step-By-Step Timeline From Apartment Living to Home Closing in Montgomery County,https://riseapartments.com/timeline-from-apartment-living-to-home-closing/,moving,Helpful Finds for Moving Day,updated
1,203640,airbnb-friendly-apartments-in-washington-metro,Airbnb-Friendly Apartments in Washington Metro,https://riseapartments.com/airbnb-friendly-apartments-in-washington-metro/,airbnb,Helpful Finds for Airbnb Hosting,updated
1,202940,el-paso-apartments-with-in-unit-laundry,El Paso Apartments With In-Unit Laundry,https://riseapartments.com/el-paso-apartments-with-in-unit-laundry/,laundry,Helpful Finds for In-Unit Laundry,updated
1,202417,georgetown-apartments-that-accept-felons,Georgetown Apartments That Accept Felons,https://riseapartments.com/georgetown-apartments-that-accept-felons/,approval,Helpful Finds for a Stronger Rental Application,updated
1,202153,apartments-that-accept-felons-near-friendswood,"Apartments That Accept Felons Near Friendswood, TX",https://riseapartments.com/apartments-that-accept-felons-near-friendswood/,approval,Helpful Finds for a Stronger Rental Application,updated
1,202647,el-paso-apartments-with-playgrounds,El Paso Apartments with Playgrounds,https://riseapartments.com/el-paso-apartments-with-playgrounds/,family,Helpful Finds for Families in Apartments,updated
1,202448,el-paso-apartments-with-pools,El Paso Apartments with Pools,https://riseapartments.com/el-paso-apartments-with-pools/,pool,Helpful Finds for Pool Days,updated
1,201273,smarter-building-networks-are-changing-the-way-residents-stay-connected,How Smarter Building Networks Are Changing the Way Residents Stay Connected,https://riseapartments.com/smarter-building-networks-are-changing-the-way-residents-stay-connected/,smart,Helpful Finds for a Smart Apartment,updated
1,199368,painting-before-moving-in,Painting Before Moving In: The Secret to a Stress-Free Transition,https://riseapartments.com/painting-before-moving-in/,painting,Helpful Finds for Painting Before Move-In,updated
1,177525,last-minute-apartment-repairs,Handling Last-Minute Apartment Repairs Without Stress,https://riseapartments.com/last-minute-apartment-repairs/,tools,Helpful Finds for Apartment Repairs and Upkeep,updated
1,165192,reading-reviews-matters,Why Reading Reviews Matters When Choosing an Apartment,https://riseapartments.com/reading-reviews-matters/,essentials,Helpful Finds for Your New Apartment,updated
1,153166,san-antonio-apartments-with-pools,Top 15 San Antonio Apartments with Pools,https://riseapartments.com/san-antonio-apartments-with-pools/,pool,Helpful Finds for Pool Days,updated
1,152803,dallas-apartments-with-pickleball-courts,Top 10 Dallas Apartments with Pickleball Courts,https://riseapartments.com/dallas-apartments-with-pickleball-courts/,pickleball,Helpful Finds for Pickleball Players,updated
1,150994,austin-apartments-with-dog-park,Top 10 Austin Apartments with Dog Park,https://riseapartments.com/austin-apartments-with-dog-park/,pets,Helpful Finds for Apartment Pets,updated
1,149910,ele-dallas-apartments-reviews,Ele Dallas Apartments Reviews: Honest Ratings from Renters,https://riseapartments.com/ele-dallas-apartments-reviews/,essentials,Helpful Finds for Your New Apartment,updated
1,149894,skyhouse-dallas-apartments-reviews,SkyHouse Dallas Apartments Reviews: Resident Experiences,https://riseapartments.com/skyhouse-dallas-apartments-reviews/,essentials,Helpful Finds for Your New Apartment,updated
1,149218,austin-apartments-with-kitchen-island,Top 15 Austin Apartments with Kitchen Island,https://riseapartments.com/austin-apartments-with-kitchen-island/,kitchen,Helpful Finds for a Chef's Kitchen,updated
1,149140,is-renters-insurance-worth-it,Is Renters Insurance Worth It? Absolutely—Here’s Why,https://riseapartments.com/is-renters-insurance-worth-it/,safety,Helpful Finds for Protecting Your Apartment,updated
1,149100,loss-of-use-renters-insurance,Loss of Use Renters Insurance: All You Need To Know,https://riseapartments.com/loss-of-use-renters-insurance/,safety,Helpful Finds for Protecting Your Apartment,updated
1,149074,austin-apartments-with-ev-charging,Top 16 Austin Apartments with EV Charging,https://riseapartments.com/austin-apartments-with-ev-charging/,ev,Helpful Finds for EV Owners,updated
1,149011,is-renters-insurance-required,Is Renters Insurance Required? Everything You Need to Know,https://riseapartments.com/is-renters-insurance-required/,safety,Helpful Finds for Protecting Your Apartment,updated
1,147742,katy-apartments-with-dog-park,Top Katy Apartments with Dog Park for You and Your Pup,https://riseapartments.com/katy-apartments-with-dog-park/,pets,Helpful Finds for Apartment Pets,updated
1,146028,dallas-apartments-with-basketball-courts,Top 12 Dallas Apartments with Basketball Courts,https://riseapartments.com/dallas-apartments-with-basketball-courts/,basketball,Helpful Finds for Basketball Fans,updated
1,145342,katy-apartments-with-walk-in-closets,Top 15 Katy Apartments with Walk-In Closets,https://riseapartments.com/katy-apartments-with-walk-in-closets/,closet,Helpful Finds for a Walk-In Closet,updated
1,143431,dallas-apartments-with-walk-in-closet,Top 15 Dallas Apartments with Walk-in Closet,https://riseapartments.com/dallas-apartments-with-walk-in-closet/,closet,Helpful Finds for a Walk-In Closet,updated
1,140326,dallas-apartments-with-outdoor-kitchen,Dallas Apartments with Outdoor Kitchen,https://riseapartments.com/dallas-apartments-with-outdoor-kitchen/,outdoor,Helpful Finds for a Private Yard or Patio,updated
1,142317,dallas-apartments-with-quartz-countertops,Dallas Apartments with Quartz Countertops,https://riseapartments.com/dallas-apartments-with-quartz-countertops/,kitchen,Helpful Finds for a Chef's Kitchen,updated
1,138109,alta-grandway-reviews,Alta Grandway Reviews: Closer Look to This New Community,https://riseapartments.com/alta-grandway-reviews/,essentials,Helpful Finds for Your New Apartment,updated
1,140127,dallas-apartments-with-granite-countertops,Top 10 Dallas Apartments with Granite Countertops,https://riseapartments.com/dallas-apartments-with-granite-countertops/,kitchen,Helpful Finds for a Chef's Kitchen,updated
1,138020,aliso-briar-forest-reviews,Aliso Briar Forest Reviews: A 4.0-Star Property on Google,https://riseapartments.com/aliso-briar-forest-reviews/,essentials,Helpful Finds for Your New Apartment,updated
1,135562,main-and-mill-apartments-reviews,Main and Mill Apartments Reviews: The Pros and Cons,https://riseapartments.com/main-and-mill-apartments-reviews/,essentials,Helpful Finds for Your New Apartment,updated
1,138595,houston-apartments-with-valet-parking,Houston Apartments with Valet Parking,https://riseapartments.com/houston-apartments-with-valet-parking/,highrise,Helpful Finds for High-Rise Living,updated
1,135736,park-at-crystal-falls-reviews,"Park at Crystal Falls Reviews: Pros, Cons, What to Expect",https://riseapartments.com/park-at-crystal-falls-reviews/,essentials,Helpful Finds for Your New Apartment,updated
1,135500,tides-at-5400-reviews,Tides at 5400 Reviews: What You Need to Know,https://riseapartments.com/tides-at-5400-reviews/,essentials,Helpful Finds for Your New Apartment,updated
1,135048,discover-your-dream-home-at-park-at-crystal-falls,Discover Your Dream Home at Park at Crystal Falls,https://riseapartments.com/discover-your-dream-home-at-park-at-crystal-falls/,essentials,Helpful Finds for Your New Apartment,updated
1,137696,apartments-with-move-in-specials-in-downtown-houston,Apartments with Move-in Specials in Downtown Houston,https://riseapartments.com/apartments-with-move-in-specials-in-downtown-houston/,highrise,Helpful Finds for High-Rise Living,updated
1,136558,4001-midtown-reviews,4001 Midtown Reviews: A Balanced Perspective,https://riseapartments.com/4001-midtown-reviews/,highrise,Helpful Finds for High-Rise Living,updated
1,137578,apartments-with-move-in-specials-in-baytown-save-big-in-2024,Apartments with Move-In Specials in Baytown: Save Big in 2024,https://riseapartments.com/apartments-with-move-in-specials-in-baytown-save-big-in-2024/,essentials,Helpful Finds for Your New Apartment,updated
1,135033,experience-luxury-living-at-broadstone-bryson-leander,Experience Luxury Living at Broadstone Bryson Leander,https://riseapartments.com/experience-luxury-living-at-broadstone-bryson-leander/,highrise,Helpful Finds for High-Rise Living,updated
1,133678,how-to-check-rental-history,How to Check Rental History,https://riseapartments.com/how-to-check-rental-history/,approval,Helpful Finds for a Stronger Rental Application,updated
1,119739,starling-at-bridgeland-the-ultimate-apartment-living-experience,Starling at Bridgeland: The Ultimate Apartment Living Experience,https://riseapartments.com/starling-at-bridgeland-the-ultimate-apartment-living-experience/,essentials,Helpful Finds for Your New Apartment,updated
1,118908,unrivaled-luxury-at-1414-texas-downtown-premier-living-in-houston,Unrivaled Luxury at 1414 Texas Downtown: Premier Living in Houston,https://riseapartments.com/unrivaled-luxury-at-1414-texas-downtown-premier-living-in-houston/,highrise,Helpful Finds for High-Rise Living,updated
1,118880,cypress-at-trinity-groves-a-luxurious-living-experience-in-dallas,Cypress at Trinity Groves: A Luxurious Living Experience in Dallas,https://riseapartments.com/cypress-at-trinity-groves-a-luxurious-living-experience-in-dallas/,essentials,Helpful Finds for Your New Apartment,updated
1,118772,bellrock-sawyer-yards-luxury-living-in-houstons-arts-district,Bellrock Sawyer Yards: Luxury Living in Houston’s Arts District,https://riseapartments.com/bellrock-sawyer-yards-luxury-living-in-houstons-arts-district/,highrise,Helpful Finds for High-Rise Living,updated
1,118695,pearl-on-frankford-north-dallas-hidden-gem-for-luxury-living,Pearl on Frankford: North Dallas’ Hidden Gem for Luxury Living,https://riseapartments.com/pearl-on-frankford-north-dallas-hidden-gem-for-luxury-living/,highrise,Helpful Finds for High-Rise Living,updated
1,117866,alexan-waterloo-elevate-your-downtown-austin-living-experience,Alexan Waterloo: Elevate Your Downtown Austin Living Experience,https://riseapartments.com/alexan-waterloo-elevate-your-downtown-austin-living-experience/,highrise,Helpful Finds for High-Rise Living,updated
1,117000,bowen-river-oaks-luxury-living-in-the-heart-of-houston,Bowen River Oaks: Luxury Living in the Heart of Houston,https://riseapartments.com/bowen-river-oaks-luxury-living-in-the-heart-of-houston/,highrise,Helpful Finds for High-Rise Living,updated
1,116743,experience-the-best-of-houston-living-at-lenox-oaks,Experience the Best of Houston Living at Lenox Oaks,https://riseapartments.com/experience-the-best-of-houston-living-at-lenox-oaks/,essentials,Helpful Finds for Your New Apartment,updated
1,113808,discover-the-ideal-home-at-8181-med-center-apartments,Discover the Ideal Home at 8181 Med Center Apartments,https://riseapartments.com/discover-the-ideal-home-at-8181-med-center-apartments/,essentials,Helpful Finds for Your New Apartment,updated
1,113774,discover-modern-living-at-bellrock-summer-street,Discover Modern Living at Bellrock Summer Street,https://riseapartments.com/discover-modern-living-at-bellrock-summer-street/,essentials,Helpful Finds for Your New Apartment,updated
1,113669,discover-lenox-bayside-a-premier-community-in-webster-tx,"Discover Lenox Bayside: A Premier Community in Webster, TX",https://riseapartments.com/discover-lenox-bayside-a-premier-community-in-webster-tx/,essentials,Helpful Finds for Your New Apartment,updated
1,112959,ascend-at-the-fount-your-premier-living-destination-in-katy-tx,"Ascend at the Fount: Your Premier Living Destination in Katy, TX",https://riseapartments.com/ascend-at-the-fount-your-premier-living-destination-in-katy-tx/,essentials,Helpful Finds for Your New Apartment,updated
1,112173,stadia-med-main-your-houstons-texas-med-center-ideal-home,Stadia Med Main: Your Houston’s Texas Med Center Ideal Home,https://riseapartments.com/stadia-med-main-your-houstons-texas-med-center-ideal-home/,essentials,Helpful Finds for Your New Apartment,updated
1,111750,discover-luxurious-living-at-olivian-at-the-realm-apartments,Discover Luxurious Living at Olivian at The Realm Apartments,https://riseapartments.com/discover-luxurious-living-at-olivian-at-the-realm-apartments/,essentials,Helpful Finds for Your New Apartment,updated
1,110713,aspire-post-oak-your-gateway-to-luxury-living-in-houston,Aspire Post Oak: Your Gateway to Luxury Living in Houston,https://riseapartments.com/aspire-post-oak-your-gateway-to-luxury-living-in-houston/,highrise,Helpful Finds for High-Rise Living,updated
1,110704,remy-on-the-trails-a-premier-living-experience-in-houston,Remy on the Trails: A Premier Living Experience in Houston,https://riseapartments.com/remy-on-the-trails-a-premier-living-experience-in-houston/,essentials,Helpful Finds for Your New Apartment,updated
1,110653,allure-hermann-park-luxury-living-in-the-heart-of-houston-tx,"Allure Hermann Park: Luxury Living in the Heart of Houston, TX",https://riseapartments.com/allure-hermann-park-luxury-living-in-the-heart-of-houston-tx/,highrise,Helpful Finds for High-Rise Living,updated
1,107002,top-10-luxury-apartments-in-highland-park-tx,"Top 10 Luxury Apartments in Highland Park, TX",https://riseapartments.com/top-10-luxury-apartments-in-highland-park-tx/,highrise,Helpful Finds for High-Rise Living,updated
1,69559,top-11-apartments-in-baytown-tx,"Top 11 Apartments in Baytown, TX",https://riseapartments.com/top-11-apartments-in-baytown-tx/,essentials,Helpful Finds for Your New Apartment,updated
1,66139,discover-birchway-perry-road-apartments-your-ideal-living-space,Discover Birchway Perry Road Apartments: Your Ideal Living Space,https://riseapartments.com/discover-birchway-perry-road-apartments-your-ideal-living-space/,essentials,Helpful Finds for Your New Apartment,updated
1,64997,top-10-apartments-in-memorial-city-houston-tx,"Top 10 Apartments in Memorial City, Houston TX",https://riseapartments.com/top-10-apartments-in-memorial-city-houston-tx/,essentials,Helpful Finds for Your New Apartment,updated
1,63118,top-15-apartments-near-nasa-johnson-space-center,Top 15 Apartments Near NASA Johnson Space Center,https://riseapartments.com/top-15-apartments-near-nasa-johnson-space-center/,essentials,Helpful Finds for Your New Apartment,updated
1,56586,top-8-newest-apartments-in-the-woodlands-tx,"Top 8 Newest Apartments in The Woodlands, TX",https://riseapartments.com/top-8-newest-apartments-in-the-woodlands-tx/,essentials,Helpful Finds for Your New Apartment,updated
