keyword,volume,kd,cpc,intent,cluster,proposed_slug,proposed_title,status,target_page_conflict,notes
reasons insurance companies deny fire claims,320,12,5.49,Informational,denied,/blog/why-fire-claims-get-denied/,Why Fire and Smoke Insurance Claims Get Denied,published,/denied-smoke-damage-claims/ (partial: blog = informational reasons; core = help after a denial),Highest-volume problem query in the export. Merge rejected-claim variants here. | secondary: in what circumstance would a property insurance claim be rejected (140/0); do insurance companies deny fire claims (90/10); reasons fire insurance claims are denied (20/-) | published 2026-09-28 as /blog/why-fire-claims-get-denied/ (slug: why-fire-claims-get-denied)
public adjuster vs attorney,110,0,0.00,Commercial,public-adjuster,/blog/public-adjuster-vs-attorney-fire-claim/,Public Adjuster vs. Attorney for a Fire or Smoke Claim,queued,none,Captures lawyer-intent demand without claiming to be lawyers; no legal advice. | secondary: fire damage lawyer (1000/7); fire damage attorney (720/6); smoke damage lawyers (110/3); should i hire a public adjuster or attorney (20/-)
public adjuster pros and cons,260,23,4.78,Informational,public-adjuster,/blog/public-adjuster-pros-and-cons/,Public Adjuster Pros and Cons for Fire and Smoke Claims,queued,none (merges the worth-it/should-I-hire posts to avoid cannibalizing),No outcome promises. | secondary: are public adjusters worth it (90/23); should i hire a public adjuster (90/29); public insurance adjuster pros and cons (90/14); is a public adjuster worth it (40/30)
how much does a public adjuster charge,140,15,4.65,Informational,public-adjuster,/blog/how-much-does-a-public-adjuster-charge-texas/,How Much Does a Public Adjuster Charge in Texas?,queued,/texas-public-adjuster-rules/ (partial: rules page owns the legal fee rules; link there),Any Texas fee-cap statement must come from research/compliance.md. | secondary: public adjuster fees (140/23); how much does a public adjuster cost (90/15); public adjuster payment structure property damage claims (40/0)
fire damage insurance claim tips,210,20,0.00,Informational,claims-process,/blog/fire-damage-insurance-claim-tips/,Fire Damage Insurance Claim Tips for Texas Homeowners,published,"/fire-damage-claims/, /smoke-damage-claim-process/ (partial: tips listicle vs service page and process walkthrough)",secondary: fire insurance claims tips (110/12); house fire insurance claim tips (70/14) | published 2026-09-28 as /blog/fire-damage-insurance-claim-tips/ (slug: fire-damage-insurance-claim-tips)
public adjuster vs insurance adjuster,260,29,6.23,Commercial,public-adjuster,/blog/public-adjuster-vs-insurance-adjuster/,Public Adjuster vs. Insurance Company Adjuster: Who Works for Whom,published,none,Do not characterize carrier adjusters negatively. | secondary: public adjuster vs claims adjuster (50/16); public adjuster vs insurance company (50/-); public adjuster vs. insurance adjuster: key differences (50/15) | published 2026-09-28 as /blog/public-adjuster-vs-insurance-adjuster/ (slug: public-adjuster-vs-insurance-adjuster)
is smoke damage covered by insurance,90,12,0.00,Informational,coverage,/blog/is-smoke-damage-covered-by-insurance/,Does Homeowners Insurance Cover Smoke Damage?,published,/smoke-damage-claims/ (partial: coverage question vs claim-help page),Requested topic. Never answer categorically: policy language and facts matter. | secondary: does home insurance cover smoke damage (20/-); does fire insurance cover smoke damage (20/-); does insurance cover smoke damage (20/-); will homeowners insurance cover smoke damage (0/-) | published 2026-09-28 as /blog/is-smoke-damage-covered-by-insurance/ (slug: is-smoke-damage-covered-by-insurance)
commercial property fire insurance,170,26,12.41,Informational,commercial,/blog/commercial-property-insurance-fire-smoke-coverage/,What Commercial Property Insurance Covers After a Fire,queued,/commercial-smoke-damage-claims/ (partial: coverage explainer vs service page),"Strong CPC. Stay on the policyholder/claim angle, not buying insurance. | secondary: does commercial property insurance cover fire (30/-); commercial fire damage insurance (90/20)"
fire insurance claims problems,90,9,0.00,Informational,underpaid-delayed,/blog/common-fire-insurance-claim-problems/,Common Problems With Fire Insurance Claims (and What Helps),queued,"/underpaid-smoke-damage-claims/, /delayed-smoke-damage-claims/ (partial: overview hub linking to both)","Avoid claims that insurers ""always"" underpay."
goods destroyed by fire and insurance claim,70,21,0.00,Informational,contents,/blog/how-to-inventory-fire-damaged-contents/,How to Inventory Fire- and Smoke-Damaged Contents for a Claim,published,/smoke-damaged-contents/ (partial: how-to task vs service page),"Requested topic (""how to inventory fire damaged contents""). | secondary: itemized list fire insurance claim (0/-); fire claim inventory (0/-); property fire claim contents list for insurance claim (0/-); itemizing after a fire (0/-) | published 2026-09-28 as /blog/how-to-inventory-fire-damaged-contents/ (slug: how-to-inventory-fire-damaged-contents)"
total loss fire claim,40,10,17.74,Informational,claims-process,/blog/total-loss-fire-claim/,Total Loss Fire Claims: How They Work,queued,none,Good CPC (17.74). No legal conclusions on valued-policy questions unless in compliance.md. | secondary: how much fire damage is a total loss (0/-); can a building be totaled because of smoke damage (0/-); total loss fire insurance (0/-)
the role of public adjusters in fire damage claims,40,,0.00,,public-adjuster,/blog/what-a-public-adjuster-does-on-a-fire-claim/,What a Public Adjuster Does on a Fire Claim,queued,"/fire-damage-claims/ (partial: core owns ""fire damage public adjuster""; blog explains the role step by step)","Requested topic (""public adjuster for fire claim""). | secondary: public adjuster for fire damage (30/-); public adjuster for house fire (30/-); how can a public adjuster help after a fire (0/-); should i hire a public insurance adjuster after fire damage (0/-)"
how to prove smoke damage,20,,0.00,,documentation,/blog/how-to-document-smoke-damage/,How to Document Smoke Damage for an Insurance Claim,queued,/smoke-damage-claims/ (partial),"Requested topic (""how to document smoke damage""). Documentation only, no cleaning or health advice."
restaurant fire public adjuster,70,0,0.00,Informational,commercial,/blog/restaurant-fire-smoke-damage-claims/,Restaurant Fire and Smoke Damage Claims in Texas,queued,/commercial-smoke-damage-claims/ (partial: vertical-specific),secondary: texas public adjuster for restaurant (50/0)
best alternatives for handling fire insurance claim alone,50,7,0.00,Informational,public-adjuster,/blog/handling-a-fire-claim-yourself/,Handling a Fire Claim Yourself vs. Getting Help,queued,blog: public-adjuster-pros-and-cons (partial: DIY angle),secondary: how to handle fire damage claim yourself (20/-); cheapest way to file insurance claim public adjuster vs diy (30/-); what are good alternatives for handling fire damage claim myself (30/-)
denied insurance claim for fire damage to commercial property,50,0,0.00,Informational,denied,/blog/denied-commercial-fire-claim/,Denied Commercial Fire or Smoke Claim: Next Steps,queued,/denied-smoke-damage-claims/ and /commercial-smoke-damage-claims/ (partial: commercial-specific denial),secondary: business insurance claim denied (50/0); denied commercial property claim (20/-); how to dispute a texas commerical fire claim (0/-)
smokey air in house after fire insurance claim,0,,0.00,,odor,/blog/smoke-smell-after-house-fire-insurance/,Smoke Smell After a House Fire: What to Tell Your Insurer,queued,"/smoke-odor-claims/, /hvac-smoke-damage/ (partial: homeowner timeline vs concept/service pages)","Requested topic (""smoke smell after house fire insurance""). No odor-removal or HVAC repair instructions."
average insurance payback for furniture in fire,0,,0.00,,contents,/blog/does-insurance-replace-smoke-damaged-furniture/,Does Insurance Replace Smoke-Damaged Furniture?,queued,/smoke-damaged-contents/ (partial),Requested topic. Explain the clean-vs-replace dispute conceptually; no guarantees. | secondary: how much will insurance pay to clean couches from ash (0/-)
smoke damaged electronics insurance,,,,,contents,/blog/smoke-damaged-electronics-insurance-claim/,Smoke-Damaged Electronics and Your Insurance Claim,queued,/smoke-damaged-contents/ (partial),not in export | Requested topic; not in export. No technical cleaning or safety advice.
fire insurance claim help texas,,,,,texas,/blog/texas-fire-insurance-claim-guide/,Texas Fire Insurance Claim Guide for Homeowners,queued,"HIGH: /texas-smoke-damage-public-adjuster/ and /fire-damage-claims/ (publish only as an informational guide, or fold into the Texas page)",not in export | Requested topic; not in export.
will insurance cover a house fire started by a cigarette,40,17,0.00,Informational,coverage,/blog/house-fire-started-by-cigarette-insurance/,Will Insurance Cover a House Fire Started by a Cigarette?,queued,none,Coverage depends on the policy and facts; no categorical answer. | secondary: does home insurance cover fire caused by cigarette (20/-); does insurance cover fire caused by cigarette (20/-)
how much does insurance pay for fire damage,20,,0.00,,claims-process,/blog/how-fire-damage-insurance-payouts-are-calculated/,How Fire Damage Insurance Payouts Are Calculated,queued,"/tools/contents-rcv-acv-calculator/, /underpaid-smoke-damage-claims/ (partial)",No averages or statistics unless sourced. | secondary: fire damage insurance payout (30/-); insurance payout for fire damage (30/-); fire damage claim payout (30/-); average insurance payout for fire damage (10/-)
insurance claim for smoke smell to clothes,0,,0.00,,contents,/blog/smoke-damaged-clothing-insurance-claim/,Smoke-Damaged Clothing: How the Claim Works,queued,/smoke-damaged-contents/ (partial),secondary: clothes smoke smell after fire insurance claim (0/-); smoke damage clothing claims (0/-); how does a claims adjuster pay you for clothing destroyed (0/-)
things people forget to claim after a fire,0,,0.00,,claims-process,/blog/things-people-forget-to-claim-after-a-fire/,Things People Forget to Claim After a House Fire,queued,none,secondary: what to claim after house fire (0/-); what will insurance compensate you for after a fire (0/-)
ale claim and smoke damage,0,,0.00,,claims-process,/blog/additional-living-expenses-smoke-damage/,Additional Living Expenses After a Fire or Smoke Loss,queued,none (no ALE core page),Texas ALE terms exist in the export with 0 volume. | secondary: texas additional living expenses adjuster (0/-); how is disruption to life paid after a fire (0/-); public adjuster for loss of use (0/-)
smoke damage from nearby fire,0,,0.00,,coverage,/blog/smoke-damage-from-neighbors-fire/,Smoke Damage From a Neighbor's Fire: Can You File a Claim?,queued,/smoke-damage-claims/ (partial),secondary: property will suffer smoke damage (0/-)
does insurance cover smoke damage from wildfire,20,,0.00,,coverage,/blog/wildfire-smoke-damage-insurance-texas/,Wildfire Smoke Damage and Your Texas Insurance Claim,queued,/texas-fire-smoke-events/ (partial: evergreen guide vs event page),No event facts unless verified. | secondary: wildfire smoke damage claims (30/-); smoke damage from wildfire insurance (0/-); wildfire smoke damage insurance claims (0/-)
fire insurance claims examples,70,13,0.00,Informational,claims-process,/blog/fire-insurance-claim-scenarios/,Fire Insurance Claim Examples: Common Scenarios Explained,queued,none,Illustrative hypotheticals only; no client stories or case studies. | secondary: property fire damage claim (70/13)
texas public adjuster for warehouse,50,17,0.00,Informational,commercial,/blog/warehouse-fire-smoke-damage-claims/,Warehouse Fire and Smoke Damage Claims in Texas,queued,/commercial-smoke-damage-claims/ (partial),Seed-like row; volume soft. | secondary: texas public adjuster for distribution center (40/2); public adjuster for business inventory damage (50/0)
texas public adjuster for apartment complex,40,0,0.00,Informational,commercial,/blog/apartment-fire-smoke-damage-claims/,Apartment Complex Fire and Smoke Claims for Texas Owners,queued,/commercial-smoke-damage-claims/ (partial),Seed-like row; volume soft. | secondary: texas public adjuster for condominium complex (40/-)
texas public adjuster for hotels,50,0,0.00,Informational,commercial,/blog/hotel-fire-smoke-damage-claims/,Hotel Fire and Smoke Damage Claims in Texas,queued,/commercial-smoke-damage-claims/ (partial),Seed-like row; volume soft. | secondary: texas public adjuster for resort (50/17)
explain how business income coverage can help after fire damage,0,,0.00,,commercial,/blog/business-income-coverage-after-fire/,Business Income Coverage After a Fire or Smoke Loss,queued,/commercial-smoke-damage-claims/ (partial),secondary: does fire insurance cover loss wages (0/-)
documents required for fire insurance claim,10,,0.00,,documentation,/blog/documents-needed-for-fire-insurance-claim/,Documents You Need for a Fire Insurance Claim,queued,blog: how-to-document-smoke-damage (partial: paperwork list vs evidence),secondary: documents you need after a fire (0/-); fire claim documents (0/-)
fire claim form,10,,0.00,,documentation,/blog/fire-claim-proof-of-loss/,Fire Claim Forms and the Sworn Proof of Loss,queued,/smoke-damage-claim-process/ (partial),Any deadline must come from compliance.md. | secondary: fire damage claim form (10/-); filling out claim loss form after fire (0/-)
electrical fire insurance claim,20,,0.00,,coverage,/blog/electrical-fire-insurance-claim/,Electrical Fire Insurance Claims,queued,none,secondary: insurance claim for electrical fire (20/-); homeowners insurance denying electrical fire claims (0/-)
fire department damaged my property,20,,0.00,,coverage,/blog/fire-department-damage-insurance-claim/,Firefighting Damage: Is It Part of Your Fire Claim?,queued,/fire-damage-claims/ (minor),
renters insurance smoke damage,20,,0.00,,coverage,/blog/renters-insurance-smoke-damage/,Renters Insurance and Smoke Damage,queued,none,secondary: renters insurance fire claim (20/-); renters insurance fire damage (20/-); is smoke damage covered by renters insurance (0/-)
restoration company vs public adjuster,0,,0.00,,public-adjuster,/blog/restoration-company-vs-public-adjuster/,Restoration Company vs. Public Adjuster: Different Jobs,queued,/about/ (minor),Reinforces that we are not a restoration contractor. | secondary: public adjuster vs contractor (10/-); restoration company public adjuster (20/-)
texas public adjuster for self-storage facility,90,0,0.00,Informational,commercial,/blog/self-storage-fire-smoke-claims/,Self-Storage Facility Fire and Smoke Claims in Texas,queued,/commercial-smoke-damage-claims/ (partial),Seed-like row; volume soft; lower relevance.
fire damage insurance deductible,10,,0.00,,claims-process,/blog/fire-claim-deductible/,How Your Deductible Works on a Fire or Smoke Claim,queued,none,
